dd/mm/yyyy,hh:mm:ss GMT,Series,Track,Laps
25/11/14,00:00:00,Indycar Series Road,Barber Motorsports Park,36
25/11/14,02:00:00,Indycar Series Road,Barber Motorsports Park,36
25/11/14,04:00:00,Indycar Series Road,Barber Motorsports Park,36
25/11/14,06:00:00,Indycar Series Road,Barber Motorsports Park,36
25/11/14,08:00:00,Indycar Series Road,Barber Motorsports Park,36
25/11/14,10:00:00,Indycar Series Road,Barber Motorsports Park,36
25/11/14,12:00:00,Indycar Series Road,Barber Motorsports Park,36
25/11/14,14:00:00,Indycar Series Road,Barber Motorsports Park,36
25/11/14,16:00:00,Indycar Series Road,Barber Motorsports Park,36
25/11/14,18:00:00,Indycar Series Road,Barber Motorsports Park,36
25/11/14,20:00:00,Indycar Series Road,Barber Motorsports Park,36
25/11/14,22:00:00,Indycar Series Road,Barber Motorsports Park,36
26/11/14,00:00:00,Indycar Series Road,Barber Motorsports Park,36
26/11/14,02:00:00,Indycar Series Road,Barber Motorsports Park,36
26/11/14,04:00:00,Indycar Series Road,Barber Motorsports Park,36
26/11/14,06:00:00,Indycar Series Road,Barber Motorsports Park,36
26/11/14,08:00:00,Indycar Series Road,Barber Motorsports Park,36
26/11/14,10:00:00,Indycar Series Road,Barber Motorsports Park,36
26/11/14,12:00:00,Indycar Series Road,Barber Motorsports Park,36
26/11/14,14:00:00,Indycar Series Road,Barber Motorsports Park,36
26/11/14,16:00:00,Indycar Series Road,Barber Motorsports Park,36
26/11/14,18:00:00,Indycar Series Road,Barber Motorsports Park,36
26/11/14,20:00:00,Indycar Series Road,Barber Motorsports Park,36
26/11/14,22:00:00,Indycar Series Road,Barber Motorsports Park,36
27/11/14,00:00:00,Indycar Series Road,Barber Motorsports Park,36
27/11/14,02:00:00,Indycar Series Road,Barber Motorsports Park,36
27/11/14,04:00:00,Indycar Series Road,Barber Motorsports Park,36
27/11/14,06:00:00,Indycar Series Road,Barber Motorsports Park,36
27/11/14,08:00:00,Indycar Series Road,Barber Motorsports Park,36
27/11/14,10:00:00,Indycar Series Road,Barber Motorsports Park,36
27/11/14,12:00:00,Indycar Series Road,Barber Motorsports Park,36
27/11/14,14:00:00,Indycar Series Road,Barber Motorsports Park,36
27/11/14,16:00:00,Indycar Series Road,Barber Motorsports Park,36
27/11/14,18:00:00,Indycar Series Road,Barber Motorsports Park,36
27/11/14,20:00:00,Indycar Series Road,Barber Motorsports Park,36
27/11/14,22:00:00,Indycar Series Road,Barber Motorsports Park,36
28/11/14,00:00:00,Indycar Series Road,Barber Motorsports Park,36
28/11/14,02:00:00,Indycar Series Road,Barber Motorsports Park,36
28/11/14,04:00:00,Indycar Series Road,Barber Motorsports Park,36
28/11/14,06:00:00,Indycar Series Road,Barber Motorsports Park,36
28/11/14,08:00:00,Indycar Series Road,Barber Motorsports Park,36
28/11/14,10:00:00,Indycar Series Road,Barber Motorsports Park,36
28/11/14,12:00:00,Indycar Series Road,Barber Motorsports Park,36
28/11/14,14:00:00,Indycar Series Road,Barber Motorsports Park,36
28/11/14,16:00:00,Indycar Series Road,Barber Motorsports Park,36
28/11/14,18:00:00,Indycar Series Road,Barber Motorsports Park,36
28/11/14,20:00:00,Indycar Series Road,Barber Motorsports Park,36
28/11/14,22:00:00,Indycar Series Road,Barber Motorsports Park,36
29/11/14,00:00:00,Indycar Series Road,Barber Motorsports Park,36
29/11/14,02:00:00,Indycar Series Road,Barber Motorsports Park,36
29/11/14,04:00:00,Indycar Series Road,Barber Motorsports Park,36
29/11/14,06:00:00,Indycar Series Road,Barber Motorsports Park,36
29/11/14,08:00:00,Indycar Series Road,Barber Motorsports Park,36
29/11/14,10:00:00,Indycar Series Road,Barber Motorsports Park,36
29/11/14,12:00:00,Indycar Series Road,Barber Motorsports Park,36
29/11/14,14:00:00,Indycar Series Road,Barber Motorsports Park,36
29/11/14,16:00:00,Indycar Series Road,Barber Motorsports Park,36
29/11/14,18:00:00,Indycar Series Road,Barber Motorsports Park,36
29/11/14,20:00:00,Indycar Series Road,Barber Motorsports Park,36
29/11/14,22:00:00,Indycar Series Road,Barber Motorsports Park,36
30/11/14,00:00:00,Indycar Series Road,Barber Motorsports Park,36
30/11/14,02:00:00,Indycar Series Road,Barber Motorsports Park,36
30/11/14,04:00:00,Indycar Series Road,Barber Motorsports Park,36
30/11/14,06:00:00,Indycar Series Road,Barber Motorsports Park,36
30/11/14,08:00:00,Indycar Series Road,Barber Motorsports Park,36
30/11/14,10:00:00,Indycar Series Road,Barber Motorsports Park,36
30/11/14,12:00:00,Indycar Series Road,Barber Motorsports Park,36
30/11/14,14:00:00,Indycar Series Road,Barber Motorsports Park,36
30/11/14,16:00:00,Indycar Series Road,Barber Motorsports Park,36
30/11/14,18:00:00,Indycar Series Road,Barber Motorsports Park,36
30/11/14,20:00:00,Indycar Series Road,Barber Motorsports Park,36
30/11/14,22:00:00,Indycar Series Road,Barber Motorsports Park,36
01/12/14,00:00:00,Indycar Series Road,Barber Motorsports Park,36
01/12/14,02:00:00,Indycar Series Road,Barber Motorsports Park,36
01/12/14,04:00:00,Indycar Series Road,Barber Motorsports Park,36
01/12/14,06:00:00,Indycar Series Road,Barber Motorsports Park,36
01/12/14,08:00:00,Indycar Series Road,Barber Motorsports Park,36
01/12/14,10:00:00,Indycar Series Road,Barber Motorsports Park,36
01/12/14,12:00:00,Indycar Series Road,Barber Motorsports Park,36
01/12/14,14:00:00,Indycar Series Road,Barber Motorsports Park,36
01/12/14,16:00:00,Indycar Series Road,Barber Motorsports Park,36
01/12/14,18:00:00,Indycar Series Road,Barber Motorsports Park,36
01/12/14,20:00:00,Indycar Series Road,Barber Motorsports Park,36
01/12/14,22:00:00,Indycar Series Road,Barber Motorsports Park,36
02/12/14,00:00:00,Indycar Series Road,Canadian Tire Motorsports Park,37
02/12/14,02:00:00,Indycar Series Road,Canadian Tire Motorsports Park,37
02/12/14,04:00:00,Indycar Series Road,Canadian Tire Motorsports Park,37
02/12/14,06:00:00,Indycar Series Road,Canadian Tire Motorsports Park,37
02/12/14,08:00:00,Indycar Series Road,Canadian Tire Motorsports Park,37
02/12/14,10:00:00,Indycar Series Road,Canadian Tire Motorsports Park,37
02/12/14,12:00:00,Indycar Series Road,Canadian Tire Motorsports Park,37
02/12/14,14:00:00,Indycar Series Road,Canadian Tire Motorsports Park,37
02/12/14,16:00:00,Indycar Series Road,Canadian Tire Motorsports Park,37
02/12/14,18:00:00,Indycar Series Road,Canadian Tire Motorsports Park,37
02/12/14,20:00:00,Indycar Series Road,Canadian Tire Motorsports Park,37
02/12/14,22:00:00,Indycar Series Road,Canadian Tire Motorsports Park,37
03/12/14,00:00:00,Indycar Series Road,Canadian Tire Motorsports Park,37
03/12/14,02:00:00,Indycar Series Road,Canadian Tire Motorsports Park,37
03/12/14,04:00:00,Indycar Series Road,Canadian Tire Motorsports Park,37
03/12/14,06:00:00,Indycar Series Road,Canadian Tire Motorsports Park,37
03/12/14,08:00:00,Indycar Series Road,Canadian Tire Motorsports Park,37
03/12/14,10:00:00,Indycar Series Road,Canadian Tire Motorsports Park,37
03/12/14,12:00:00,Indycar Series Road,Canadian Tire Motorsports Park,37
03/12/14,14:00:00,Indycar Series Road,Canadian Tire Motorsports Park,37
03/12/14,16:00:00,Indycar Series Road,Canadian Tire Motorsports Park,37
03/12/14,18:00:00,Indycar Series Road,Canadian Tire Motorsports Park,37
03/12/14,20:00:00,Indycar Series Road,Canadian Tire Motorsports Park,37
03/12/14,22:00:00,Indycar Series Road,Canadian Tire Motorsports Park,37
04/12/14,00:00:00,Indycar Series Road,Canadian Tire Motorsports Park,37
04/12/14,02:00:00,Indycar Series Road,Canadian Tire Motorsports Park,37
04/12/14,04:00:00,Indycar Series Road,Canadian Tire Motorsports Park,37
04/12/14,06:00:00,Indycar Series Road,Canadian Tire Motorsports Park,37
04/12/14,08:00:00,Indycar Series Road,Canadian Tire Motorsports Park,37
04/12/14,10:00:00,Indycar Series Road,Canadian Tire Motorsports Park,37
04/12/14,12:00:00,Indycar Series Road,Canadian Tire Motorsports Park,37
04/12/14,14:00:00,Indycar Series Road,Canadian Tire Motorsports Park,37
04/12/14,16:00:00,Indycar Series Road,Canadian Tire Motorsports Park,37
04/12/14,18:00:00,Indycar Series Road,Canadian Tire Motorsports Park,37
04/12/14,20:00:00,Indycar Series Road,Canadian Tire Motorsports Park,37
04/12/14,22:00:00,Indycar Series Road,Canadian Tire Motorsports Park,37
05/12/14,00:00:00,Indycar Series Road,Canadian Tire Motorsports Park,37
05/12/14,02:00:00,Indycar Series Road,Canadian Tire Motorsports Park,37
05/12/14,04:00:00,Indycar Series Road,Canadian Tire Motorsports Park,37
05/12/14,06:00:00,Indycar Series Road,Canadian Tire Motorsports Park,37
05/12/14,08:00:00,Indycar Series Road,Canadian Tire Motorsports Park,37
05/12/14,10:00:00,Indycar Series Road,Canadian Tire Motorsports Park,37
05/12/14,12:00:00,Indycar Series Road,Canadian Tire Motorsports Park,37
05/12/14,14:00:00,Indycar Series Road,Canadian Tire Motorsports Park,37
05/12/14,16:00:00,Indycar Series Road,Canadian Tire Motorsports Park,37
05/12/14,18:00:00,Indycar Series Road,Canadian Tire Motorsports Park,37
05/12/14,20:00:00,Indycar Series Road,Canadian Tire Motorsports Park,37
05/12/14,22:00:00,Indycar Series Road,Canadian Tire Motorsports Park,37
06/12/14,00:00:00,Indycar Series Road,Canadian Tire Motorsports Park,37
06/12/14,02:00:00,Indycar Series Road,Canadian Tire Motorsports Park,37
06/12/14,04:00:00,Indycar Series Road,Canadian Tire Motorsports Park,37
06/12/14,06:00:00,Indycar Series Road,Canadian Tire Motorsports Park,37
06/12/14,08:00:00,Indycar Series Road,Canadian Tire Motorsports Park,37
06/12/14,10:00:00,Indycar Series Road,Canadian Tire Motorsports Park,37
06/12/14,12:00:00,Indycar Series Road,Canadian Tire Motorsports Park,37
06/12/14,14:00:00,Indycar Series Road,Canadian Tire Motorsports Park,37
06/12/14,16:00:00,Indycar Series Road,Canadian Tire Motorsports Park,37
06/12/14,18:00:00,Indycar Series Road,Canadian Tire Motorsports Park,37
06/12/14,20:00:00,Indycar Series Road,Canadian Tire Motorsports Park,37
06/12/14,22:00:00,Indycar Series Road,Canadian Tire Motorsports Park,37
07/12/14,00:00:00,Indycar Series Road,Canadian Tire Motorsports Park,37
07/12/14,02:00:00,Indycar Series Road,Canadian Tire Motorsports Park,37
07/12/14,04:00:00,Indycar Series Road,Canadian Tire Motorsports Park,37
07/12/14,06:00:00,Indycar Series Road,Canadian Tire Motorsports Park,37
07/12/14,08:00:00,Indycar Series Road,Canadian Tire Motorsports Park,37
07/12/14,10:00:00,Indycar Series Road,Canadian Tire Motorsports Park,37
07/12/14,12:00:00,Indycar Series Road,Canadian Tire Motorsports Park,37
07/12/14,14:00:00,Indycar Series Road,Canadian Tire Motorsports Park,37
07/12/14,16:00:00,Indycar Series Road,Canadian Tire Motorsports Park,37
07/12/14,18:00:00,Indycar Series Road,Canadian Tire Motorsports Park,37
07/12/14,20:00:00,Indycar Series Road,Canadian Tire Motorsports Park,37
07/12/14,22:00:00,Indycar Series Road,Canadian Tire Motorsports Park,37
08/12/14,00:00:00,Indycar Series Road,Canadian Tire Motorsports Park,37
08/12/14,02:00:00,Indycar Series Road,Canadian Tire Motorsports Park,37
08/12/14,04:00:00,Indycar Series Road,Canadian Tire Motorsports Park,37
08/12/14,06:00:00,Indycar Series Road,Canadian Tire Motorsports Park,37
08/12/14,08:00:00,Indycar Series Road,Canadian Tire Motorsports Park,37
08/12/14,10:00:00,Indycar Series Road,Canadian Tire Motorsports Park,37
08/12/14,12:00:00,Indycar Series Road,Canadian Tire Motorsports Park,37
08/12/14,14:00:00,Indycar Series Road,Canadian Tire Motorsports Park,37
08/12/14,16:00:00,Indycar Series Road,Canadian Tire Motorsports Park,37
08/12/14,18:00:00,Indycar Series Road,Canadian Tire Motorsports Park,37
08/12/14,20:00:00,Indycar Series Road,Canadian Tire Motorsports Park,37
08/12/14,22:00:00,Indycar Series Road,Canadian Tire Motorsports Park,37
25/11/14,00:45:00,iRacing Spec Racer Ford Challenge,Summit Point Raceway,18
25/11/14,02:45:00,iRacing Spec Racer Ford Challenge,Summit Point Raceway,18
25/11/14,04:45:00,iRacing Spec Racer Ford Challenge,Summit Point Raceway,18
25/11/14,06:45:00,iRacing Spec Racer Ford Challenge,Summit Point Raceway,18
25/11/14,08:45:00,iRacing Spec Racer Ford Challenge,Summit Point Raceway,18
25/11/14,10:45:00,iRacing Spec Racer Ford Challenge,Summit Point Raceway,18
25/11/14,12:45:00,iRacing Spec Racer Ford Challenge,Summit Point Raceway,18
25/11/14,14:45:00,iRacing Spec Racer Ford Challenge,Summit Point Raceway,18
25/11/14,16:45:00,iRacing Spec Racer Ford Challenge,Summit Point Raceway,18
25/11/14,18:45:00,iRacing Spec Racer Ford Challenge,Summit Point Raceway,18
25/11/14,20:45:00,iRacing Spec Racer Ford Challenge,Summit Point Raceway,18
25/11/14,22:45:00,iRacing Spec Racer Ford Challenge,Summit Point Raceway,18
26/11/14,00:45:00,iRacing Spec Racer Ford Challenge,Summit Point Raceway,18
26/11/14,02:45:00,iRacing Spec Racer Ford Challenge,Summit Point Raceway,18
26/11/14,04:45:00,iRacing Spec Racer Ford Challenge,Summit Point Raceway,18
26/11/14,06:45:00,iRacing Spec Racer Ford Challenge,Summit Point Raceway,18
26/11/14,08:45:00,iRacing Spec Racer Ford Challenge,Summit Point Raceway,18
26/11/14,10:45:00,iRacing Spec Racer Ford Challenge,Summit Point Raceway,18
26/11/14,12:45:00,iRacing Spec Racer Ford Challenge,Summit Point Raceway,18
26/11/14,14:45:00,iRacing Spec Racer Ford Challenge,Summit Point Raceway,18
26/11/14,16:45:00,iRacing Spec Racer Ford Challenge,Summit Point Raceway,18
26/11/14,18:45:00,iRacing Spec Racer Ford Challenge,Summit Point Raceway,18
26/11/14,20:45:00,iRacing Spec Racer Ford Challenge,Summit Point Raceway,18
26/11/14,22:45:00,iRacing Spec Racer Ford Challenge,Summit Point Raceway,18
27/11/14,00:45:00,iRacing Spec Racer Ford Challenge,Summit Point Raceway,18
27/11/14,02:45:00,iRacing Spec Racer Ford Challenge,Summit Point Raceway,18
27/11/14,04:45:00,iRacing Spec Racer Ford Challenge,Summit Point Raceway,18
27/11/14,06:45:00,iRacing Spec Racer Ford Challenge,Summit Point Raceway,18
27/11/14,08:45:00,iRacing Spec Racer Ford Challenge,Summit Point Raceway,18
27/11/14,10:45:00,iRacing Spec Racer Ford Challenge,Summit Point Raceway,18
27/11/14,12:45:00,iRacing Spec Racer Ford Challenge,Summit Point Raceway,18
27/11/14,14:45:00,iRacing Spec Racer Ford Challenge,Summit Point Raceway,18
27/11/14,16:45:00,iRacing Spec Racer Ford Challenge,Summit Point Raceway,18
27/11/14,18:45:00,iRacing Spec Racer Ford Challenge,Summit Point Raceway,18
27/11/14,20:45:00,iRacing Spec Racer Ford Challenge,Summit Point Raceway,18
27/11/14,22:45:00,iRacing Spec Racer Ford Challenge,Summit Point Raceway,18
28/11/14,00:45:00,iRacing Spec Racer Ford Challenge,Summit Point Raceway,18
28/11/14,02:45:00,iRacing Spec Racer Ford Challenge,Summit Point Raceway,18
28/11/14,04:45:00,iRacing Spec Racer Ford Challenge,Summit Point Raceway,18
28/11/14,06:45:00,iRacing Spec Racer Ford Challenge,Summit Point Raceway,18
28/11/14,08:45:00,iRacing Spec Racer Ford Challenge,Summit Point Raceway,18
28/11/14,10:45:00,iRacing Spec Racer Ford Challenge,Summit Point Raceway,18
28/11/14,12:45:00,iRacing Spec Racer Ford Challenge,Summit Point Raceway,18
28/11/14,14:45:00,iRacing Spec Racer Ford Challenge,Summit Point Raceway,18
28/11/14,16:45:00,iRacing Spec Racer Ford Challenge,Summit Point Raceway,18
28/11/14,18:45:00,iRacing Spec Racer Ford Challenge,Summit Point Raceway,18
28/11/14,20:45:00,iRacing Spec Racer Ford Challenge,Summit Point Raceway,18
28/11/14,22:45:00,iRacing Spec Racer Ford Challenge,Summit Point Raceway,18
29/11/14,00:45:00,iRacing Spec Racer Ford Challenge,Summit Point Raceway,18
29/11/14,02:45:00,iRacing Spec Racer Ford Challenge,Summit Point Raceway,18
29/11/14,04:45:00,iRacing Spec Racer Ford Challenge,Summit Point Raceway,18
29/11/14,06:45:00,iRacing Spec Racer Ford Challenge,Summit Point Raceway,18
29/11/14,08:45:00,iRacing Spec Racer Ford Challenge,Summit Point Raceway,18
29/11/14,10:45:00,iRacing Spec Racer Ford Challenge,Summit Point Raceway,18
29/11/14,12:45:00,iRacing Spec Racer Ford Challenge,Summit Point Raceway,18
29/11/14,14:45:00,iRacing Spec Racer Ford Challenge,Summit Point Raceway,18
29/11/14,16:45:00,iRacing Spec Racer Ford Challenge,Summit Point Raceway,18
29/11/14,18:45:00,iRacing Spec Racer Ford Challenge,Summit Point Raceway,18
29/11/14,20:45:00,iRacing Spec Racer Ford Challenge,Summit Point Raceway,18
29/11/14,22:45:00,iRacing Spec Racer Ford Challenge,Summit Point Raceway,18
30/11/14,00:45:00,iRacing Spec Racer Ford Challenge,Summit Point Raceway,18
30/11/14,02:45:00,iRacing Spec Racer Ford Challenge,Summit Point Raceway,18
30/11/14,04:45:00,iRacing Spec Racer Ford Challenge,Summit Point Raceway,18
30/11/14,06:45:00,iRacing Spec Racer Ford Challenge,Summit Point Raceway,18
30/11/14,08:45:00,iRacing Spec Racer Ford Challenge,Summit Point Raceway,18
30/11/14,10:45:00,iRacing Spec Racer Ford Challenge,Summit Point Raceway,18
30/11/14,12:45:00,iRacing Spec Racer Ford Challenge,Summit Point Raceway,18
30/11/14,14:45:00,iRacing Spec Racer Ford Challenge,Summit Point Raceway,18
30/11/14,16:45:00,iRacing Spec Racer Ford Challenge,Summit Point Raceway,18
30/11/14,18:45:00,iRacing Spec Racer Ford Challenge,Summit Point Raceway,18
30/11/14,20:45:00,iRacing Spec Racer Ford Challenge,Summit Point Raceway,18
30/11/14,22:45:00,iRacing Spec Racer Ford Challenge,Summit Point Raceway,18
01/12/14,00:45:00,iRacing Spec Racer Ford Challenge,Summit Point Raceway,18
01/12/14,02:45:00,iRacing Spec Racer Ford Challenge,Summit Point Raceway,18
01/12/14,04:45:00,iRacing Spec Racer Ford Challenge,Summit Point Raceway,18
01/12/14,06:45:00,iRacing Spec Racer Ford Challenge,Summit Point Raceway,18
01/12/14,08:45:00,iRacing Spec Racer Ford Challenge,Summit Point Raceway,18
01/12/14,10:45:00,iRacing Spec Racer Ford Challenge,Summit Point Raceway,18
01/12/14,12:45:00,iRacing Spec Racer Ford Challenge,Summit Point Raceway,18
01/12/14,14:45:00,iRacing Spec Racer Ford Challenge,Summit Point Raceway,18
01/12/14,16:45:00,iRacing Spec Racer Ford Challenge,Summit Point Raceway,18
01/12/14,18:45:00,iRacing Spec Racer Ford Challenge,Summit Point Raceway,18
01/12/14,20:45:00,iRacing Spec Racer Ford Challenge,Summit Point Raceway,18
01/12/14,22:45:00,iRacing Spec Racer Ford Challenge,Summit Point Raceway,18
02/12/14,00:45:00,iRacing Spec Racer Ford Challenge,Mid-Ohio SportsCar Course,15
02/12/14,02:45:00,iRacing Spec Racer Ford Challenge,Mid-Ohio SportsCar Course,15
02/12/14,04:45:00,iRacing Spec Racer Ford Challenge,Mid-Ohio SportsCar Course,15
02/12/14,06:45:00,iRacing Spec Racer Ford Challenge,Mid-Ohio SportsCar Course,15
02/12/14,08:45:00,iRacing Spec Racer Ford Challenge,Mid-Ohio SportsCar Course,15
02/12/14,10:45:00,iRacing Spec Racer Ford Challenge,Mid-Ohio SportsCar Course,15
02/12/14,12:45:00,iRacing Spec Racer Ford Challenge,Mid-Ohio SportsCar Course,15
02/12/14,14:45:00,iRacing Spec Racer Ford Challenge,Mid-Ohio SportsCar Course,15
02/12/14,16:45:00,iRacing Spec Racer Ford Challenge,Mid-Ohio SportsCar Course,15
02/12/14,18:45:00,iRacing Spec Racer Ford Challenge,Mid-Ohio SportsCar Course,15
02/12/14,20:45:00,iRacing Spec Racer Ford Challenge,Mid-Ohio SportsCar Course,15
02/12/14,22:45:00,iRacing Spec Racer Ford Challenge,Mid-Ohio SportsCar Course,15
03/12/14,00:45:00,iRacing Spec Racer Ford Challenge,Mid-Ohio SportsCar Course,15
03/12/14,02:45:00,iRacing Spec Racer Ford Challenge,Mid-Ohio SportsCar Course,15
03/12/14,04:45:00,iRacing Spec Racer Ford Challenge,Mid-Ohio SportsCar Course,15
03/12/14,06:45:00,iRacing Spec Racer Ford Challenge,Mid-Ohio SportsCar Course,15
03/12/14,08:45:00,iRacing Spec Racer Ford Challenge,Mid-Ohio SportsCar Course,15
03/12/14,10:45:00,iRacing Spec Racer Ford Challenge,Mid-Ohio SportsCar Course,15
03/12/14,12:45:00,iRacing Spec Racer Ford Challenge,Mid-Ohio SportsCar Course,15
03/12/14,14:45:00,iRacing Spec Racer Ford Challenge,Mid-Ohio SportsCar Course,15
03/12/14,16:45:00,iRacing Spec Racer Ford Challenge,Mid-Ohio SportsCar Course,15
03/12/14,18:45:00,iRacing Spec Racer Ford Challenge,Mid-Ohio SportsCar Course,15
03/12/14,20:45:00,iRacing Spec Racer Ford Challenge,Mid-Ohio SportsCar Course,15
03/12/14,22:45:00,iRacing Spec Racer Ford Challenge,Mid-Ohio SportsCar Course,15
04/12/14,00:45:00,iRacing Spec Racer Ford Challenge,Mid-Ohio SportsCar Course,15
04/12/14,02:45:00,iRacing Spec Racer Ford Challenge,Mid-Ohio SportsCar Course,15
04/12/14,04:45:00,iRacing Spec Racer Ford Challenge,Mid-Ohio SportsCar Course,15
04/12/14,06:45:00,iRacing Spec Racer Ford Challenge,Mid-Ohio SportsCar Course,15
04/12/14,08:45:00,iRacing Spec Racer Ford Challenge,Mid-Ohio SportsCar Course,15
04/12/14,10:45:00,iRacing Spec Racer Ford Challenge,Mid-Ohio SportsCar Course,15
04/12/14,12:45:00,iRacing Spec Racer Ford Challenge,Mid-Ohio SportsCar Course,15
04/12/14,14:45:00,iRacing Spec Racer Ford Challenge,Mid-Ohio SportsCar Course,15
04/12/14,16:45:00,iRacing Spec Racer Ford Challenge,Mid-Ohio SportsCar Course,15
04/12/14,18:45:00,iRacing Spec Racer Ford Challenge,Mid-Ohio SportsCar Course,15
04/12/14,20:45:00,iRacing Spec Racer Ford Challenge,Mid-Ohio SportsCar Course,15
04/12/14,22:45:00,iRacing Spec Racer Ford Challenge,Mid-Ohio SportsCar Course,15
05/12/14,00:45:00,iRacing Spec Racer Ford Challenge,Mid-Ohio SportsCar Course,15
05/12/14,02:45:00,iRacing Spec Racer Ford Challenge,Mid-Ohio SportsCar Course,15
05/12/14,04:45:00,iRacing Spec Racer Ford Challenge,Mid-Ohio SportsCar Course,15
05/12/14,06:45:00,iRacing Spec Racer Ford Challenge,Mid-Ohio SportsCar Course,15
05/12/14,08:45:00,iRacing Spec Racer Ford Challenge,Mid-Ohio SportsCar Course,15
05/12/14,10:45:00,iRacing Spec Racer Ford Challenge,Mid-Ohio SportsCar Course,15
05/12/14,12:45:00,iRacing Spec Racer Ford Challenge,Mid-Ohio SportsCar Course,15
05/12/14,14:45:00,iRacing Spec Racer Ford Challenge,Mid-Ohio SportsCar Course,15
05/12/14,16:45:00,iRacing Spec Racer Ford Challenge,Mid-Ohio SportsCar Course,15
05/12/14,18:45:00,iRacing Spec Racer Ford Challenge,Mid-Ohio SportsCar Course,15
05/12/14,20:45:00,iRacing Spec Racer Ford Challenge,Mid-Ohio SportsCar Course,15
05/12/14,22:45:00,iRacing Spec Racer Ford Challenge,Mid-Ohio SportsCar Course,15
06/12/14,00:45:00,iRacing Spec Racer Ford Challenge,Mid-Ohio SportsCar Course,15
06/12/14,02:45:00,iRacing Spec Racer Ford Challenge,Mid-Ohio SportsCar Course,15
06/12/14,04:45:00,iRacing Spec Racer Ford Challenge,Mid-Ohio SportsCar Course,15
06/12/14,06:45:00,iRacing Spec Racer Ford Challenge,Mid-Ohio SportsCar Course,15
06/12/14,08:45:00,iRacing Spec Racer Ford Challenge,Mid-Ohio SportsCar Course,15
06/12/14,10:45:00,iRacing Spec Racer Ford Challenge,Mid-Ohio SportsCar Course,15
06/12/14,12:45:00,iRacing Spec Racer Ford Challenge,Mid-Ohio SportsCar Course,15
06/12/14,14:45:00,iRacing Spec Racer Ford Challenge,Mid-Ohio SportsCar Course,15
06/12/14,16:45:00,iRacing Spec Racer Ford Challenge,Mid-Ohio SportsCar Course,15
06/12/14,18:45:00,iRacing Spec Racer Ford Challenge,Mid-Ohio SportsCar Course,15
06/12/14,20:45:00,iRacing Spec Racer Ford Challenge,Mid-Ohio SportsCar Course,15
06/12/14,22:45:00,iRacing Spec Racer Ford Challenge,Mid-Ohio SportsCar Course,15
07/12/14,00:45:00,iRacing Spec Racer Ford Challenge,Mid-Ohio SportsCar Course,15
07/12/14,02:45:00,iRacing Spec Racer Ford Challenge,Mid-Ohio SportsCar Course,15
07/12/14,04:45:00,iRacing Spec Racer Ford Challenge,Mid-Ohio SportsCar Course,15
07/12/14,06:45:00,iRacing Spec Racer Ford Challenge,Mid-Ohio SportsCar Course,15
07/12/14,08:45:00,iRacing Spec Racer Ford Challenge,Mid-Ohio SportsCar Course,15
07/12/14,10:45:00,iRacing Spec Racer Ford Challenge,Mid-Ohio SportsCar Course,15
07/12/14,12:45:00,iRacing Spec Racer Ford Challenge,Mid-Ohio SportsCar Course,15
07/12/14,14:45:00,iRacing Spec Racer Ford Challenge,Mid-Ohio SportsCar Course,15
07/12/14,16:45:00,iRacing Spec Racer Ford Challenge,Mid-Ohio SportsCar Course,15
07/12/14,18:45:00,iRacing Spec Racer Ford Challenge,Mid-Ohio SportsCar Course,15
07/12/14,20:45:00,iRacing Spec Racer Ford Challenge,Mid-Ohio SportsCar Course,15
07/12/14,22:45:00,iRacing Spec Racer Ford Challenge,Mid-Ohio SportsCar Course,15
08/12/14,00:45:00,iRacing Spec Racer Ford Challenge,Mid-Ohio SportsCar Course,15
08/12/14,02:45:00,iRacing Spec Racer Ford Challenge,Mid-Ohio SportsCar Course,15
08/12/14,04:45:00,iRacing Spec Racer Ford Challenge,Mid-Ohio SportsCar Course,15
08/12/14,06:45:00,iRacing Spec Racer Ford Challenge,Mid-Ohio SportsCar Course,15
08/12/14,08:45:00,iRacing Spec Racer Ford Challenge,Mid-Ohio SportsCar Course,15
08/12/14,10:45:00,iRacing Spec Racer Ford Challenge,Mid-Ohio SportsCar Course,15
08/12/14,12:45:00,iRacing Spec Racer Ford Challenge,Mid-Ohio SportsCar Course,15
08/12/14,14:45:00,iRacing Spec Racer Ford Challenge,Mid-Ohio SportsCar Course,15
08/12/14,16:45:00,iRacing Spec Racer Ford Challenge,Mid-Ohio SportsCar Course,15
08/12/14,18:45:00,iRacing Spec Racer Ford Challenge,Mid-Ohio SportsCar Course,15
08/12/14,20:45:00,iRacing Spec Racer Ford Challenge,Mid-Ohio SportsCar Course,15
08/12/14,22:45:00,iRacing Spec Racer Ford Challenge,Mid-Ohio SportsCar Course,15
25/11/14,00:15:00,Skip Barber Race Series,Barber Motorsports Park,15
25/11/14,01:15:00,Skip Barber Race Series,Barber Motorsports Park,15
25/11/14,02:15:00,Skip Barber Race Series,Barber Motorsports Park,15
25/11/14,03:15:00,Skip Barber Race Series,Barber Motorsports Park,15
25/11/14,04:15:00,Skip Barber Race Series,Barber Motorsports Park,15
25/11/14,05:15:00,Skip Barber Race Series,Barber Motorsports Park,15
25/11/14,06:15:00,Skip Barber Race Series,Barber Motorsports Park,15
25/11/14,07:15:00,Skip Barber Race Series,Barber Motorsports Park,15
25/11/14,08:15:00,Skip Barber Race Series,Barber Motorsports Park,15
25/11/14,09:15:00,Skip Barber Race Series,Barber Motorsports Park,15
25/11/14,10:15:00,Skip Barber Race Series,Barber Motorsports Park,15
25/11/14,11:15:00,Skip Barber Race Series,Barber Motorsports Park,15
25/11/14,12:15:00,Skip Barber Race Series,Barber Motorsports Park,15
25/11/14,13:15:00,Skip Barber Race Series,Barber Motorsports Park,15
25/11/14,14:15:00,Skip Barber Race Series,Barber Motorsports Park,15
25/11/14,15:15:00,Skip Barber Race Series,Barber Motorsports Park,15
25/11/14,16:15:00,Skip Barber Race Series,Barber Motorsports Park,15
25/11/14,17:15:00,Skip Barber Race Series,Barber Motorsports Park,15
25/11/14,18:15:00,Skip Barber Race Series,Barber Motorsports Park,15
25/11/14,19:15:00,Skip Barber Race Series,Barber Motorsports Park,15
25/11/14,20:15:00,Skip Barber Race Series,Barber Motorsports Park,15
25/11/14,21:15:00,Skip Barber Race Series,Barber Motorsports Park,15
25/11/14,22:15:00,Skip Barber Race Series,Barber Motorsports Park,15
25/11/14,23:15:00,Skip Barber Race Series,Barber Motorsports Park,15
26/11/14,00:15:00,Skip Barber Race Series,Barber Motorsports Park,15
26/11/14,01:15:00,Skip Barber Race Series,Barber Motorsports Park,15
26/11/14,02:15:00,Skip Barber Race Series,Barber Motorsports Park,15
26/11/14,03:15:00,Skip Barber Race Series,Barber Motorsports Park,15
26/11/14,04:15:00,Skip Barber Race Series,Barber Motorsports Park,15
26/11/14,05:15:00,Skip Barber Race Series,Barber Motorsports Park,15
26/11/14,06:15:00,Skip Barber Race Series,Barber Motorsports Park,15
26/11/14,07:15:00,Skip Barber Race Series,Barber Motorsports Park,15
26/11/14,08:15:00,Skip Barber Race Series,Barber Motorsports Park,15
26/11/14,09:15:00,Skip Barber Race Series,Barber Motorsports Park,15
26/11/14,10:15:00,Skip Barber Race Series,Barber Motorsports Park,15
26/11/14,11:15:00,Skip Barber Race Series,Barber Motorsports Park,15
26/11/14,12:15:00,Skip Barber Race Series,Barber Motorsports Park,15
26/11/14,13:15:00,Skip Barber Race Series,Barber Motorsports Park,15
26/11/14,14:15:00,Skip Barber Race Series,Barber Motorsports Park,15
26/11/14,15:15:00,Skip Barber Race Series,Barber Motorsports Park,15
26/11/14,16:15:00,Skip Barber Race Series,Barber Motorsports Park,15
26/11/14,17:15:00,Skip Barber Race Series,Barber Motorsports Park,15
26/11/14,18:15:00,Skip Barber Race Series,Barber Motorsports Park,15
26/11/14,19:15:00,Skip Barber Race Series,Barber Motorsports Park,15
26/11/14,20:15:00,Skip Barber Race Series,Barber Motorsports Park,15
26/11/14,21:15:00,Skip Barber Race Series,Barber Motorsports Park,15
26/11/14,22:15:00,Skip Barber Race Series,Barber Motorsports Park,15
26/11/14,23:15:00,Skip Barber Race Series,Barber Motorsports Park,15
27/11/14,00:15:00,Skip Barber Race Series,Barber Motorsports Park,15
27/11/14,01:15:00,Skip Barber Race Series,Barber Motorsports Park,15
27/11/14,02:15:00,Skip Barber Race Series,Barber Motorsports Park,15
27/11/14,03:15:00,Skip Barber Race Series,Barber Motorsports Park,15
27/11/14,04:15:00,Skip Barber Race Series,Barber Motorsports Park,15
27/11/14,05:15:00,Skip Barber Race Series,Barber Motorsports Park,15
27/11/14,06:15:00,Skip Barber Race Series,Barber Motorsports Park,15
27/11/14,07:15:00,Skip Barber Race Series,Barber Motorsports Park,15
27/11/14,08:15:00,Skip Barber Race Series,Barber Motorsports Park,15
27/11/14,09:15:00,Skip Barber Race Series,Barber Motorsports Park,15
27/11/14,10:15:00,Skip Barber Race Series,Barber Motorsports Park,15
27/11/14,11:15:00,Skip Barber Race Series,Barber Motorsports Park,15
27/11/14,12:15:00,Skip Barber Race Series,Barber Motorsports Park,15
27/11/14,13:15:00,Skip Barber Race Series,Barber Motorsports Park,15
27/11/14,14:15:00,Skip Barber Race Series,Barber Motorsports Park,15
27/11/14,15:15:00,Skip Barber Race Series,Barber Motorsports Park,15
27/11/14,16:15:00,Skip Barber Race Series,Barber Motorsports Park,15
27/11/14,17:15:00,Skip Barber Race Series,Barber Motorsports Park,15
27/11/14,18:15:00,Skip Barber Race Series,Barber Motorsports Park,15
27/11/14,19:15:00,Skip Barber Race Series,Barber Motorsports Park,15
27/11/14,20:15:00,Skip Barber Race Series,Barber Motorsports Park,15
27/11/14,21:15:00,Skip Barber Race Series,Barber Motorsports Park,15
27/11/14,22:15:00,Skip Barber Race Series,Barber Motorsports Park,15
27/11/14,23:15:00,Skip Barber Race Series,Barber Motorsports Park,15
28/11/14,00:15:00,Skip Barber Race Series,Barber Motorsports Park,15
28/11/14,01:15:00,Skip Barber Race Series,Barber Motorsports Park,15
28/11/14,02:15:00,Skip Barber Race Series,Barber Motorsports Park,15
28/11/14,03:15:00,Skip Barber Race Series,Barber Motorsports Park,15
28/11/14,04:15:00,Skip Barber Race Series,Barber Motorsports Park,15
28/11/14,05:15:00,Skip Barber Race Series,Barber Motorsports Park,15
28/11/14,06:15:00,Skip Barber Race Series,Barber Motorsports Park,15
28/11/14,07:15:00,Skip Barber Race Series,Barber Motorsports Park,15
28/11/14,08:15:00,Skip Barber Race Series,Barber Motorsports Park,15
28/11/14,09:15:00,Skip Barber Race Series,Barber Motorsports Park,15
28/11/14,10:15:00,Skip Barber Race Series,Barber Motorsports Park,15
28/11/14,11:15:00,Skip Barber Race Series,Barber Motorsports Park,15
28/11/14,12:15:00,Skip Barber Race Series,Barber Motorsports Park,15
28/11/14,13:15:00,Skip Barber Race Series,Barber Motorsports Park,15
28/11/14,14:15:00,Skip Barber Race Series,Barber Motorsports Park,15
28/11/14,15:15:00,Skip Barber Race Series,Barber Motorsports Park,15
28/11/14,16:15:00,Skip Barber Race Series,Barber Motorsports Park,15
28/11/14,17:15:00,Skip Barber Race Series,Barber Motorsports Park,15
28/11/14,18:15:00,Skip Barber Race Series,Barber Motorsports Park,15
28/11/14,19:15:00,Skip Barber Race Series,Barber Motorsports Park,15
28/11/14,20:15:00,Skip Barber Race Series,Barber Motorsports Park,15
28/11/14,21:15:00,Skip Barber Race Series,Barber Motorsports Park,15
28/11/14,22:15:00,Skip Barber Race Series,Barber Motorsports Park,15
28/11/14,23:15:00,Skip Barber Race Series,Barber Motorsports Park,15
29/11/14,00:15:00,Skip Barber Race Series,Barber Motorsports Park,15
29/11/14,01:15:00,Skip Barber Race Series,Barber Motorsports Park,15
29/11/14,02:15:00,Skip Barber Race Series,Barber Motorsports Park,15
29/11/14,03:15:00,Skip Barber Race Series,Barber Motorsports Park,15
29/11/14,04:15:00,Skip Barber Race Series,Barber Motorsports Park,15
29/11/14,05:15:00,Skip Barber Race Series,Barber Motorsports Park,15
29/11/14,06:15:00,Skip Barber Race Series,Barber Motorsports Park,15
29/11/14,07:15:00,Skip Barber Race Series,Barber Motorsports Park,15
29/11/14,08:15:00,Skip Barber Race Series,Barber Motorsports Park,15
29/11/14,09:15:00,Skip Barber Race Series,Barber Motorsports Park,15
29/11/14,10:15:00,Skip Barber Race Series,Barber Motorsports Park,15
29/11/14,11:15:00,Skip Barber Race Series,Barber Motorsports Park,15
29/11/14,12:15:00,Skip Barber Race Series,Barber Motorsports Park,15
29/11/14,13:15:00,Skip Barber Race Series,Barber Motorsports Park,15
29/11/14,14:15:00,Skip Barber Race Series,Barber Motorsports Park,15
29/11/14,15:15:00,Skip Barber Race Series,Barber Motorsports Park,15
29/11/14,16:15:00,Skip Barber Race Series,Barber Motorsports Park,15
29/11/14,17:15:00,Skip Barber Race Series,Barber Motorsports Park,15
29/11/14,18:15:00,Skip Barber Race Series,Barber Motorsports Park,15
29/11/14,19:15:00,Skip Barber Race Series,Barber Motorsports Park,15
29/11/14,20:15:00,Skip Barber Race Series,Barber Motorsports Park,15
29/11/14,21:15:00,Skip Barber Race Series,Barber Motorsports Park,15
29/11/14,22:15:00,Skip Barber Race Series,Barber Motorsports Park,15
29/11/14,23:15:00,Skip Barber Race Series,Barber Motorsports Park,15
30/11/14,00:15:00,Skip Barber Race Series,Barber Motorsports Park,15
30/11/14,01:15:00,Skip Barber Race Series,Barber Motorsports Park,15
30/11/14,02:15:00,Skip Barber Race Series,Barber Motorsports Park,15
30/11/14,03:15:00,Skip Barber Race Series,Barber Motorsports Park,15
30/11/14,04:15:00,Skip Barber Race Series,Barber Motorsports Park,15
30/11/14,05:15:00,Skip Barber Race Series,Barber Motorsports Park,15
30/11/14,06:15:00,Skip Barber Race Series,Barber Motorsports Park,15
30/11/14,07:15:00,Skip Barber Race Series,Barber Motorsports Park,15
30/11/14,08:15:00,Skip Barber Race Series,Barber Motorsports Park,15
30/11/14,09:15:00,Skip Barber Race Series,Barber Motorsports Park,15
30/11/14,10:15:00,Skip Barber Race Series,Barber Motorsports Park,15
30/11/14,11:15:00,Skip Barber Race Series,Barber Motorsports Park,15
30/11/14,12:15:00,Skip Barber Race Series,Barber Motorsports Park,15
30/11/14,13:15:00,Skip Barber Race Series,Barber Motorsports Park,15
30/11/14,14:15:00,Skip Barber Race Series,Barber Motorsports Park,15
30/11/14,15:15:00,Skip Barber Race Series,Barber Motorsports Park,15
30/11/14,16:15:00,Skip Barber Race Series,Barber Motorsports Park,15
30/11/14,17:15:00,Skip Barber Race Series,Barber Motorsports Park,15
30/11/14,18:15:00,Skip Barber Race Series,Barber Motorsports Park,15
30/11/14,19:15:00,Skip Barber Race Series,Barber Motorsports Park,15
30/11/14,20:15:00,Skip Barber Race Series,Barber Motorsports Park,15
30/11/14,21:15:00,Skip Barber Race Series,Barber Motorsports Park,15
30/11/14,22:15:00,Skip Barber Race Series,Barber Motorsports Park,15
30/11/14,23:15:00,Skip Barber Race Series,Barber Motorsports Park,15
01/12/14,00:15:00,Skip Barber Race Series,Barber Motorsports Park,15
01/12/14,01:15:00,Skip Barber Race Series,Barber Motorsports Park,15
01/12/14,02:15:00,Skip Barber Race Series,Barber Motorsports Park,15
01/12/14,03:15:00,Skip Barber Race Series,Barber Motorsports Park,15
01/12/14,04:15:00,Skip Barber Race Series,Barber Motorsports Park,15
01/12/14,05:15:00,Skip Barber Race Series,Barber Motorsports Park,15
01/12/14,06:15:00,Skip Barber Race Series,Barber Motorsports Park,15
01/12/14,07:15:00,Skip Barber Race Series,Barber Motorsports Park,15
01/12/14,08:15:00,Skip Barber Race Series,Barber Motorsports Park,15
01/12/14,09:15:00,Skip Barber Race Series,Barber Motorsports Park,15
01/12/14,10:15:00,Skip Barber Race Series,Barber Motorsports Park,15
01/12/14,11:15:00,Skip Barber Race Series,Barber Motorsports Park,15
01/12/14,12:15:00,Skip Barber Race Series,Barber Motorsports Park,15
01/12/14,13:15:00,Skip Barber Race Series,Barber Motorsports Park,15
01/12/14,14:15:00,Skip Barber Race Series,Barber Motorsports Park,15
01/12/14,15:15:00,Skip Barber Race Series,Barber Motorsports Park,15
01/12/14,16:15:00,Skip Barber Race Series,Barber Motorsports Park,15
01/12/14,17:15:00,Skip Barber Race Series,Barber Motorsports Park,15
01/12/14,18:15:00,Skip Barber Race Series,Barber Motorsports Park,15
01/12/14,19:15:00,Skip Barber Race Series,Barber Motorsports Park,15
01/12/14,20:15:00,Skip Barber Race Series,Barber Motorsports Park,15
01/12/14,21:15:00,Skip Barber Race Series,Barber Motorsports Park,15
01/12/14,22:15:00,Skip Barber Race Series,Barber Motorsports Park,15
01/12/14,23:15:00,Skip Barber Race Series,Barber Motorsports Park,15
02/12/14,00:15:00,Skip Barber Race Series,Circuit Park Zandvoort,13
02/12/14,01:15:00,Skip Barber Race Series,Circuit Park Zandvoort,13
02/12/14,02:15:00,Skip Barber Race Series,Circuit Park Zandvoort,13
02/12/14,03:15:00,Skip Barber Race Series,Circuit Park Zandvoort,13
02/12/14,04:15:00,Skip Barber Race Series,Circuit Park Zandvoort,13
02/12/14,05:15:00,Skip Barber Race Series,Circuit Park Zandvoort,13
02/12/14,06:15:00,Skip Barber Race Series,Circuit Park Zandvoort,13
02/12/14,07:15:00,Skip Barber Race Series,Circuit Park Zandvoort,13
02/12/14,08:15:00,Skip Barber Race Series,Circuit Park Zandvoort,13
02/12/14,09:15:00,Skip Barber Race Series,Circuit Park Zandvoort,13
02/12/14,10:15:00,Skip Barber Race Series,Circuit Park Zandvoort,13
02/12/14,11:15:00,Skip Barber Race Series,Circuit Park Zandvoort,13
02/12/14,12:15:00,Skip Barber Race Series,Circuit Park Zandvoort,13
02/12/14,13:15:00,Skip Barber Race Series,Circuit Park Zandvoort,13
02/12/14,14:15:00,Skip Barber Race Series,Circuit Park Zandvoort,13
02/12/14,15:15:00,Skip Barber Race Series,Circuit Park Zandvoort,13
02/12/14,16:15:00,Skip Barber Race Series,Circuit Park Zandvoort,13
02/12/14,17:15:00,Skip Barber Race Series,Circuit Park Zandvoort,13
02/12/14,18:15:00,Skip Barber Race Series,Circuit Park Zandvoort,13
02/12/14,19:15:00,Skip Barber Race Series,Circuit Park Zandvoort,13
02/12/14,20:15:00,Skip Barber Race Series,Circuit Park Zandvoort,13
02/12/14,21:15:00,Skip Barber Race Series,Circuit Park Zandvoort,13
02/12/14,22:15:00,Skip Barber Race Series,Circuit Park Zandvoort,13
02/12/14,23:15:00,Skip Barber Race Series,Circuit Park Zandvoort,13
03/12/14,00:15:00,Skip Barber Race Series,Circuit Park Zandvoort,13
03/12/14,01:15:00,Skip Barber Race Series,Circuit Park Zandvoort,13
03/12/14,02:15:00,Skip Barber Race Series,Circuit Park Zandvoort,13
03/12/14,03:15:00,Skip Barber Race Series,Circuit Park Zandvoort,13
03/12/14,04:15:00,Skip Barber Race Series,Circuit Park Zandvoort,13
03/12/14,05:15:00,Skip Barber Race Series,Circuit Park Zandvoort,13
03/12/14,06:15:00,Skip Barber Race Series,Circuit Park Zandvoort,13
03/12/14,07:15:00,Skip Barber Race Series,Circuit Park Zandvoort,13
03/12/14,08:15:00,Skip Barber Race Series,Circuit Park Zandvoort,13
03/12/14,09:15:00,Skip Barber Race Series,Circuit Park Zandvoort,13
03/12/14,10:15:00,Skip Barber Race Series,Circuit Park Zandvoort,13
03/12/14,11:15:00,Skip Barber Race Series,Circuit Park Zandvoort,13
03/12/14,12:15:00,Skip Barber Race Series,Circuit Park Zandvoort,13
03/12/14,13:15:00,Skip Barber Race Series,Circuit Park Zandvoort,13
03/12/14,14:15:00,Skip Barber Race Series,Circuit Park Zandvoort,13
03/12/14,15:15:00,Skip Barber Race Series,Circuit Park Zandvoort,13
03/12/14,16:15:00,Skip Barber Race Series,Circuit Park Zandvoort,13
03/12/14,17:15:00,Skip Barber Race Series,Circuit Park Zandvoort,13
03/12/14,18:15:00,Skip Barber Race Series,Circuit Park Zandvoort,13
03/12/14,19:15:00,Skip Barber Race Series,Circuit Park Zandvoort,13
03/12/14,20:15:00,Skip Barber Race Series,Circuit Park Zandvoort,13
03/12/14,21:15:00,Skip Barber Race Series,Circuit Park Zandvoort,13
03/12/14,22:15:00,Skip Barber Race Series,Circuit Park Zandvoort,13
03/12/14,23:15:00,Skip Barber Race Series,Circuit Park Zandvoort,13
04/12/14,00:15:00,Skip Barber Race Series,Circuit Park Zandvoort,13
04/12/14,01:15:00,Skip Barber Race Series,Circuit Park Zandvoort,13
04/12/14,02:15:00,Skip Barber Race Series,Circuit Park Zandvoort,13
04/12/14,03:15:00,Skip Barber Race Series,Circuit Park Zandvoort,13
04/12/14,04:15:00,Skip Barber Race Series,Circuit Park Zandvoort,13
04/12/14,05:15:00,Skip Barber Race Series,Circuit Park Zandvoort,13
04/12/14,06:15:00,Skip Barber Race Series,Circuit Park Zandvoort,13
04/12/14,07:15:00,Skip Barber Race Series,Circuit Park Zandvoort,13
04/12/14,08:15:00,Skip Barber Race Series,Circuit Park Zandvoort,13
04/12/14,09:15:00,Skip Barber Race Series,Circuit Park Zandvoort,13
04/12/14,10:15:00,Skip Barber Race Series,Circuit Park Zandvoort,13
04/12/14,11:15:00,Skip Barber Race Series,Circuit Park Zandvoort,13
04/12/14,12:15:00,Skip Barber Race Series,Circuit Park Zandvoort,13
04/12/14,13:15:00,Skip Barber Race Series,Circuit Park Zandvoort,13
04/12/14,14:15:00,Skip Barber Race Series,Circuit Park Zandvoort,13
04/12/14,15:15:00,Skip Barber Race Series,Circuit Park Zandvoort,13
04/12/14,16:15:00,Skip Barber Race Series,Circuit Park Zandvoort,13
04/12/14,17:15:00,Skip Barber Race Series,Circuit Park Zandvoort,13
04/12/14,18:15:00,Skip Barber Race Series,Circuit Park Zandvoort,13
04/12/14,19:15:00,Skip Barber Race Series,Circuit Park Zandvoort,13
04/12/14,20:15:00,Skip Barber Race Series,Circuit Park Zandvoort,13
04/12/14,21:15:00,Skip Barber Race Series,Circuit Park Zandvoort,13
04/12/14,22:15:00,Skip Barber Race Series,Circuit Park Zandvoort,13
04/12/14,23:15:00,Skip Barber Race Series,Circuit Park Zandvoort,13
05/12/14,00:15:00,Skip Barber Race Series,Circuit Park Zandvoort,13
05/12/14,01:15:00,Skip Barber Race Series,Circuit Park Zandvoort,13
05/12/14,02:15:00,Skip Barber Race Series,Circuit Park Zandvoort,13
05/12/14,03:15:00,Skip Barber Race Series,Circuit Park Zandvoort,13
05/12/14,04:15:00,Skip Barber Race Series,Circuit Park Zandvoort,13
05/12/14,05:15:00,Skip Barber Race Series,Circuit Park Zandvoort,13
05/12/14,06:15:00,Skip Barber Race Series,Circuit Park Zandvoort,13
05/12/14,07:15:00,Skip Barber Race Series,Circuit Park Zandvoort,13
05/12/14,08:15:00,Skip Barber Race Series,Circuit Park Zandvoort,13
05/12/14,09:15:00,Skip Barber Race Series,Circuit Park Zandvoort,13
05/12/14,10:15:00,Skip Barber Race Series,Circuit Park Zandvoort,13
05/12/14,11:15:00,Skip Barber Race Series,Circuit Park Zandvoort,13
05/12/14,12:15:00,Skip Barber Race Series,Circuit Park Zandvoort,13
05/12/14,13:15:00,Skip Barber Race Series,Circuit Park Zandvoort,13
05/12/14,14:15:00,Skip Barber Race Series,Circuit Park Zandvoort,13
05/12/14,15:15:00,Skip Barber Race Series,Circuit Park Zandvoort,13
05/12/14,16:15:00,Skip Barber Race Series,Circuit Park Zandvoort,13
05/12/14,17:15:00,Skip Barber Race Series,Circuit Park Zandvoort,13
05/12/14,18:15:00,Skip Barber Race Series,Circuit Park Zandvoort,13
05/12/14,19:15:00,Skip Barber Race Series,Circuit Park Zandvoort,13
05/12/14,20:15:00,Skip Barber Race Series,Circuit Park Zandvoort,13
05/12/14,21:15:00,Skip Barber Race Series,Circuit Park Zandvoort,13
05/12/14,22:15:00,Skip Barber Race Series,Circuit Park Zandvoort,13
05/12/14,23:15:00,Skip Barber Race Series,Circuit Park Zandvoort,13
06/12/14,00:15:00,Skip Barber Race Series,Circuit Park Zandvoort,13
06/12/14,01:15:00,Skip Barber Race Series,Circuit Park Zandvoort,13
06/12/14,02:15:00,Skip Barber Race Series,Circuit Park Zandvoort,13
06/12/14,03:15:00,Skip Barber Race Series,Circuit Park Zandvoort,13
06/12/14,04:15:00,Skip Barber Race Series,Circuit Park Zandvoort,13
06/12/14,05:15:00,Skip Barber Race Series,Circuit Park Zandvoort,13
06/12/14,06:15:00,Skip Barber Race Series,Circuit Park Zandvoort,13
06/12/14,07:15:00,Skip Barber Race Series,Circuit Park Zandvoort,13
06/12/14,08:15:00,Skip Barber Race Series,Circuit Park Zandvoort,13
06/12/14,09:15:00,Skip Barber Race Series,Circuit Park Zandvoort,13
06/12/14,10:15:00,Skip Barber Race Series,Circuit Park Zandvoort,13
06/12/14,11:15:00,Skip Barber Race Series,Circuit Park Zandvoort,13
06/12/14,12:15:00,Skip Barber Race Series,Circuit Park Zandvoort,13
06/12/14,13:15:00,Skip Barber Race Series,Circuit Park Zandvoort,13
06/12/14,14:15:00,Skip Barber Race Series,Circuit Park Zandvoort,13
06/12/14,15:15:00,Skip Barber Race Series,Circuit Park Zandvoort,13
06/12/14,16:15:00,Skip Barber Race Series,Circuit Park Zandvoort,13
06/12/14,17:15:00,Skip Barber Race Series,Circuit Park Zandvoort,13
06/12/14,18:15:00,Skip Barber Race Series,Circuit Park Zandvoort,13
06/12/14,19:15:00,Skip Barber Race Series,Circuit Park Zandvoort,13
06/12/14,20:15:00,Skip Barber Race Series,Circuit Park Zandvoort,13
06/12/14,21:15:00,Skip Barber Race Series,Circuit Park Zandvoort,13
06/12/14,22:15:00,Skip Barber Race Series,Circuit Park Zandvoort,13
06/12/14,23:15:00,Skip Barber Race Series,Circuit Park Zandvoort,13
07/12/14,00:15:00,Skip Barber Race Series,Circuit Park Zandvoort,13
07/12/14,01:15:00,Skip Barber Race Series,Circuit Park Zandvoort,13
07/12/14,02:15:00,Skip Barber Race Series,Circuit Park Zandvoort,13
07/12/14,03:15:00,Skip Barber Race Series,Circuit Park Zandvoort,13
07/12/14,04:15:00,Skip Barber Race Series,Circuit Park Zandvoort,13
07/12/14,05:15:00,Skip Barber Race Series,Circuit Park Zandvoort,13
07/12/14,06:15:00,Skip Barber Race Series,Circuit Park Zandvoort,13
07/12/14,07:15:00,Skip Barber Race Series,Circuit Park Zandvoort,13
07/12/14,08:15:00,Skip Barber Race Series,Circuit Park Zandvoort,13
07/12/14,09:15:00,Skip Barber Race Series,Circuit Park Zandvoort,13
07/12/14,10:15:00,Skip Barber Race Series,Circuit Park Zandvoort,13
07/12/14,11:15:00,Skip Barber Race Series,Circuit Park Zandvoort,13
07/12/14,12:15:00,Skip Barber Race Series,Circuit Park Zandvoort,13
07/12/14,13:15:00,Skip Barber Race Series,Circuit Park Zandvoort,13
07/12/14,14:15:00,Skip Barber Race Series,Circuit Park Zandvoort,13
07/12/14,15:15:00,Skip Barber Race Series,Circuit Park Zandvoort,13
07/12/14,16:15:00,Skip Barber Race Series,Circuit Park Zandvoort,13
07/12/14,17:15:00,Skip Barber Race Series,Circuit Park Zandvoort,13
07/12/14,18:15:00,Skip Barber Race Series,Circuit Park Zandvoort,13
07/12/14,19:15:00,Skip Barber Race Series,Circuit Park Zandvoort,13
07/12/14,20:15:00,Skip Barber Race Series,Circuit Park Zandvoort,13
07/12/14,21:15:00,Skip Barber Race Series,Circuit Park Zandvoort,13
07/12/14,22:15:00,Skip Barber Race Series,Circuit Park Zandvoort,13
07/12/14,23:15:00,Skip Barber Race Series,Circuit Park Zandvoort,13
08/12/14,00:15:00,Skip Barber Race Series,Circuit Park Zandvoort,13
08/12/14,01:15:00,Skip Barber Race Series,Circuit Park Zandvoort,13
08/12/14,02:15:00,Skip Barber Race Series,Circuit Park Zandvoort,13
08/12/14,03:15:00,Skip Barber Race Series,Circuit Park Zandvoort,13
08/12/14,04:15:00,Skip Barber Race Series,Circuit Park Zandvoort,13
08/12/14,05:15:00,Skip Barber Race Series,Circuit Park Zandvoort,13
08/12/14,06:15:00,Skip Barber Race Series,Circuit Park Zandvoort,13
08/12/14,07:15:00,Skip Barber Race Series,Circuit Park Zandvoort,13
08/12/14,08:15:00,Skip Barber Race Series,Circuit Park Zandvoort,13
08/12/14,09:15:00,Skip Barber Race Series,Circuit Park Zandvoort,13
08/12/14,10:15:00,Skip Barber Race Series,Circuit Park Zandvoort,13
08/12/14,11:15:00,Skip Barber Race Series,Circuit Park Zandvoort,13
08/12/14,12:15:00,Skip Barber Race Series,Circuit Park Zandvoort,13
08/12/14,13:15:00,Skip Barber Race Series,Circuit Park Zandvoort,13
08/12/14,14:15:00,Skip Barber Race Series,Circuit Park Zandvoort,13
08/12/14,15:15:00,Skip Barber Race Series,Circuit Park Zandvoort,13
08/12/14,16:15:00,Skip Barber Race Series,Circuit Park Zandvoort,13
08/12/14,17:15:00,Skip Barber Race Series,Circuit Park Zandvoort,13
08/12/14,18:15:00,Skip Barber Race Series,Circuit Park Zandvoort,13
08/12/14,19:15:00,Skip Barber Race Series,Circuit Park Zandvoort,13
08/12/14,20:15:00,Skip Barber Race Series,Circuit Park Zandvoort,13
08/12/14,21:15:00,Skip Barber Race Series,Circuit Park Zandvoort,13
08/12/14,22:15:00,Skip Barber Race Series,Circuit Park Zandvoort,13
08/12/14,23:15:00,Skip Barber Race Series,Circuit Park Zandvoort,13
25/11/14,00:45:00,Star Mazda Championship,Mount Panorama Circuit,10
25/11/14,02:45:00,Star Mazda Championship,Mount Panorama Circuit,10
25/11/14,04:45:00,Star Mazda Championship,Mount Panorama Circuit,10
25/11/14,06:45:00,Star Mazda Championship,Mount Panorama Circuit,10
25/11/14,08:45:00,Star Mazda Championship,Mount Panorama Circuit,10
25/11/14,10:45:00,Star Mazda Championship,Mount Panorama Circuit,10
25/11/14,12:45:00,Star Mazda Championship,Mount Panorama Circuit,10
25/11/14,14:45:00,Star Mazda Championship,Mount Panorama Circuit,10
25/11/14,16:45:00,Star Mazda Championship,Mount Panorama Circuit,10
25/11/14,18:45:00,Star Mazda Championship,Mount Panorama Circuit,10
25/11/14,20:45:00,Star Mazda Championship,Mount Panorama Circuit,10
25/11/14,22:45:00,Star Mazda Championship,Mount Panorama Circuit,10
26/11/14,00:45:00,Star Mazda Championship,Mount Panorama Circuit,10
26/11/14,02:45:00,Star Mazda Championship,Mount Panorama Circuit,10
26/11/14,04:45:00,Star Mazda Championship,Mount Panorama Circuit,10
26/11/14,06:45:00,Star Mazda Championship,Mount Panorama Circuit,10
26/11/14,08:45:00,Star Mazda Championship,Mount Panorama Circuit,10
26/11/14,10:45:00,Star Mazda Championship,Mount Panorama Circuit,10
26/11/14,12:45:00,Star Mazda Championship,Mount Panorama Circuit,10
26/11/14,14:45:00,Star Mazda Championship,Mount Panorama Circuit,10
26/11/14,16:45:00,Star Mazda Championship,Mount Panorama Circuit,10
26/11/14,18:45:00,Star Mazda Championship,Mount Panorama Circuit,10
26/11/14,20:45:00,Star Mazda Championship,Mount Panorama Circuit,10
26/11/14,22:45:00,Star Mazda Championship,Mount Panorama Circuit,10
27/11/14,00:45:00,Star Mazda Championship,Mount Panorama Circuit,10
27/11/14,02:45:00,Star Mazda Championship,Mount Panorama Circuit,10
27/11/14,04:45:00,Star Mazda Championship,Mount Panorama Circuit,10
27/11/14,06:45:00,Star Mazda Championship,Mount Panorama Circuit,10
27/11/14,08:45:00,Star Mazda Championship,Mount Panorama Circuit,10
27/11/14,10:45:00,Star Mazda Championship,Mount Panorama Circuit,10
27/11/14,12:45:00,Star Mazda Championship,Mount Panorama Circuit,10
27/11/14,14:45:00,Star Mazda Championship,Mount Panorama Circuit,10
27/11/14,16:45:00,Star Mazda Championship,Mount Panorama Circuit,10
27/11/14,18:45:00,Star Mazda Championship,Mount Panorama Circuit,10
27/11/14,20:45:00,Star Mazda Championship,Mount Panorama Circuit,10
27/11/14,22:45:00,Star Mazda Championship,Mount Panorama Circuit,10
28/11/14,00:45:00,Star Mazda Championship,Mount Panorama Circuit,10
28/11/14,02:45:00,Star Mazda Championship,Mount Panorama Circuit,10
28/11/14,04:45:00,Star Mazda Championship,Mount Panorama Circuit,10
28/11/14,06:45:00,Star Mazda Championship,Mount Panorama Circuit,10
28/11/14,08:45:00,Star Mazda Championship,Mount Panorama Circuit,10
28/11/14,10:45:00,Star Mazda Championship,Mount Panorama Circuit,10
28/11/14,12:45:00,Star Mazda Championship,Mount Panorama Circuit,10
28/11/14,14:45:00,Star Mazda Championship,Mount Panorama Circuit,10
28/11/14,16:45:00,Star Mazda Championship,Mount Panorama Circuit,10
28/11/14,18:45:00,Star Mazda Championship,Mount Panorama Circuit,10
28/11/14,20:45:00,Star Mazda Championship,Mount Panorama Circuit,10
28/11/14,22:45:00,Star Mazda Championship,Mount Panorama Circuit,10
29/11/14,00:45:00,Star Mazda Championship,Mount Panorama Circuit,10
29/11/14,02:45:00,Star Mazda Championship,Mount Panorama Circuit,10
29/11/14,04:45:00,Star Mazda Championship,Mount Panorama Circuit,10
29/11/14,06:45:00,Star Mazda Championship,Mount Panorama Circuit,10
29/11/14,08:45:00,Star Mazda Championship,Mount Panorama Circuit,10
29/11/14,10:45:00,Star Mazda Championship,Mount Panorama Circuit,10
29/11/14,12:45:00,Star Mazda Championship,Mount Panorama Circuit,10
29/11/14,14:45:00,Star Mazda Championship,Mount Panorama Circuit,10
29/11/14,16:45:00,Star Mazda Championship,Mount Panorama Circuit,10
29/11/14,18:45:00,Star Mazda Championship,Mount Panorama Circuit,10
29/11/14,20:45:00,Star Mazda Championship,Mount Panorama Circuit,10
29/11/14,22:45:00,Star Mazda Championship,Mount Panorama Circuit,10
30/11/14,00:45:00,Star Mazda Championship,Mount Panorama Circuit,10
30/11/14,02:45:00,Star Mazda Championship,Mount Panorama Circuit,10
30/11/14,04:45:00,Star Mazda Championship,Mount Panorama Circuit,10
30/11/14,06:45:00,Star Mazda Championship,Mount Panorama Circuit,10
30/11/14,08:45:00,Star Mazda Championship,Mount Panorama Circuit,10
30/11/14,10:45:00,Star Mazda Championship,Mount Panorama Circuit,10
30/11/14,12:45:00,Star Mazda Championship,Mount Panorama Circuit,10
30/11/14,14:45:00,Star Mazda Championship,Mount Panorama Circuit,10
30/11/14,16:45:00,Star Mazda Championship,Mount Panorama Circuit,10
30/11/14,18:45:00,Star Mazda Championship,Mount Panorama Circuit,10
30/11/14,20:45:00,Star Mazda Championship,Mount Panorama Circuit,10
30/11/14,22:45:00,Star Mazda Championship,Mount Panorama Circuit,10
01/12/14,00:45:00,Star Mazda Championship,Mount Panorama Circuit,10
01/12/14,02:45:00,Star Mazda Championship,Mount Panorama Circuit,10
01/12/14,04:45:00,Star Mazda Championship,Mount Panorama Circuit,10
01/12/14,06:45:00,Star Mazda Championship,Mount Panorama Circuit,10
01/12/14,08:45:00,Star Mazda Championship,Mount Panorama Circuit,10
01/12/14,10:45:00,Star Mazda Championship,Mount Panorama Circuit,10
01/12/14,12:45:00,Star Mazda Championship,Mount Panorama Circuit,10
01/12/14,14:45:00,Star Mazda Championship,Mount Panorama Circuit,10
01/12/14,16:45:00,Star Mazda Championship,Mount Panorama Circuit,10
01/12/14,18:45:00,Star Mazda Championship,Mount Panorama Circuit,10
01/12/14,20:45:00,Star Mazda Championship,Mount Panorama Circuit,10
01/12/14,22:45:00,Star Mazda Championship,Mount Panorama Circuit,10
02/12/14,00:45:00,Star Mazda Championship,Gateway Motorsports Park,80
02/12/14,02:45:00,Star Mazda Championship,Gateway Motorsports Park,80
02/12/14,04:45:00,Star Mazda Championship,Gateway Motorsports Park,80
02/12/14,06:45:00,Star Mazda Championship,Gateway Motorsports Park,80
02/12/14,08:45:00,Star Mazda Championship,Gateway Motorsports Park,80
02/12/14,10:45:00,Star Mazda Championship,Gateway Motorsports Park,80
02/12/14,12:45:00,Star Mazda Championship,Gateway Motorsports Park,80
02/12/14,14:45:00,Star Mazda Championship,Gateway Motorsports Park,80
02/12/14,16:45:00,Star Mazda Championship,Gateway Motorsports Park,80
02/12/14,18:45:00,Star Mazda Championship,Gateway Motorsports Park,80
02/12/14,20:45:00,Star Mazda Championship,Gateway Motorsports Park,80
02/12/14,22:45:00,Star Mazda Championship,Gateway Motorsports Park,80
03/12/14,00:45:00,Star Mazda Championship,Gateway Motorsports Park,80
03/12/14,02:45:00,Star Mazda Championship,Gateway Motorsports Park,80
03/12/14,04:45:00,Star Mazda Championship,Gateway Motorsports Park,80
03/12/14,06:45:00,Star Mazda Championship,Gateway Motorsports Park,80
03/12/14,08:45:00,Star Mazda Championship,Gateway Motorsports Park,80
03/12/14,10:45:00,Star Mazda Championship,Gateway Motorsports Park,80
03/12/14,12:45:00,Star Mazda Championship,Gateway Motorsports Park,80
03/12/14,14:45:00,Star Mazda Championship,Gateway Motorsports Park,80
03/12/14,16:45:00,Star Mazda Championship,Gateway Motorsports Park,80
03/12/14,18:45:00,Star Mazda Championship,Gateway Motorsports Park,80
03/12/14,20:45:00,Star Mazda Championship,Gateway Motorsports Park,80
03/12/14,22:45:00,Star Mazda Championship,Gateway Motorsports Park,80
04/12/14,00:45:00,Star Mazda Championship,Gateway Motorsports Park,80
04/12/14,02:45:00,Star Mazda Championship,Gateway Motorsports Park,80
04/12/14,04:45:00,Star Mazda Championship,Gateway Motorsports Park,80
04/12/14,06:45:00,Star Mazda Championship,Gateway Motorsports Park,80
04/12/14,08:45:00,Star Mazda Championship,Gateway Motorsports Park,80
04/12/14,10:45:00,Star Mazda Championship,Gateway Motorsports Park,80
04/12/14,12:45:00,Star Mazda Championship,Gateway Motorsports Park,80
04/12/14,14:45:00,Star Mazda Championship,Gateway Motorsports Park,80
04/12/14,16:45:00,Star Mazda Championship,Gateway Motorsports Park,80
04/12/14,18:45:00,Star Mazda Championship,Gateway Motorsports Park,80
04/12/14,20:45:00,Star Mazda Championship,Gateway Motorsports Park,80
04/12/14,22:45:00,Star Mazda Championship,Gateway Motorsports Park,80
05/12/14,00:45:00,Star Mazda Championship,Gateway Motorsports Park,80
05/12/14,02:45:00,Star Mazda Championship,Gateway Motorsports Park,80
05/12/14,04:45:00,Star Mazda Championship,Gateway Motorsports Park,80
05/12/14,06:45:00,Star Mazda Championship,Gateway Motorsports Park,80
05/12/14,08:45:00,Star Mazda Championship,Gateway Motorsports Park,80
05/12/14,10:45:00,Star Mazda Championship,Gateway Motorsports Park,80
05/12/14,12:45:00,Star Mazda Championship,Gateway Motorsports Park,80
05/12/14,14:45:00,Star Mazda Championship,Gateway Motorsports Park,80
05/12/14,16:45:00,Star Mazda Championship,Gateway Motorsports Park,80
05/12/14,18:45:00,Star Mazda Championship,Gateway Motorsports Park,80
05/12/14,20:45:00,Star Mazda Championship,Gateway Motorsports Park,80
05/12/14,22:45:00,Star Mazda Championship,Gateway Motorsports Park,80
06/12/14,00:45:00,Star Mazda Championship,Gateway Motorsports Park,80
06/12/14,02:45:00,Star Mazda Championship,Gateway Motorsports Park,80
06/12/14,04:45:00,Star Mazda Championship,Gateway Motorsports Park,80
06/12/14,06:45:00,Star Mazda Championship,Gateway Motorsports Park,80
06/12/14,08:45:00,Star Mazda Championship,Gateway Motorsports Park,80
06/12/14,10:45:00,Star Mazda Championship,Gateway Motorsports Park,80
06/12/14,12:45:00,Star Mazda Championship,Gateway Motorsports Park,80
06/12/14,14:45:00,Star Mazda Championship,Gateway Motorsports Park,80
06/12/14,16:45:00,Star Mazda Championship,Gateway Motorsports Park,80
06/12/14,18:45:00,Star Mazda Championship,Gateway Motorsports Park,80
06/12/14,20:45:00,Star Mazda Championship,Gateway Motorsports Park,80
06/12/14,22:45:00,Star Mazda Championship,Gateway Motorsports Park,80
07/12/14,00:45:00,Star Mazda Championship,Gateway Motorsports Park,80
07/12/14,02:45:00,Star Mazda Championship,Gateway Motorsports Park,80
07/12/14,04:45:00,Star Mazda Championship,Gateway Motorsports Park,80
07/12/14,06:45:00,Star Mazda Championship,Gateway Motorsports Park,80
07/12/14,08:45:00,Star Mazda Championship,Gateway Motorsports Park,80
07/12/14,10:45:00,Star Mazda Championship,Gateway Motorsports Park,80
07/12/14,12:45:00,Star Mazda Championship,Gateway Motorsports Park,80
07/12/14,14:45:00,Star Mazda Championship,Gateway Motorsports Park,80
07/12/14,16:45:00,Star Mazda Championship,Gateway Motorsports Park,80
07/12/14,18:45:00,Star Mazda Championship,Gateway Motorsports Park,80
07/12/14,20:45:00,Star Mazda Championship,Gateway Motorsports Park,80
07/12/14,22:45:00,Star Mazda Championship,Gateway Motorsports Park,80
08/12/14,00:45:00,Star Mazda Championship,Gateway Motorsports Park,80
08/12/14,02:45:00,Star Mazda Championship,Gateway Motorsports Park,80
08/12/14,04:45:00,Star Mazda Championship,Gateway Motorsports Park,80
08/12/14,06:45:00,Star Mazda Championship,Gateway Motorsports Park,80
08/12/14,08:45:00,Star Mazda Championship,Gateway Motorsports Park,80
08/12/14,10:45:00,Star Mazda Championship,Gateway Motorsports Park,80
08/12/14,12:45:00,Star Mazda Championship,Gateway Motorsports Park,80
08/12/14,14:45:00,Star Mazda Championship,Gateway Motorsports Park,80
08/12/14,16:45:00,Star Mazda Championship,Gateway Motorsports Park,80
08/12/14,18:45:00,Star Mazda Championship,Gateway Motorsports Park,80
08/12/14,20:45:00,Star Mazda Championship,Gateway Motorsports Park,80
08/12/14,22:45:00,Star Mazda Championship,Gateway Motorsports Park,80
